<Ui xmlns="http://www.blizzard.com/wow/ui/" xmlns:xsi="http://www.w3.org/2001/XMLSchema-instance" xsi:schemaLocation="http://www.blizzard.com/wow/ui/
..\FrameXML\UI.xsd">
	<Script>
		AucAdvanced.RegisterRevision("$URL: Auc-Filter-Basic/BasicFilter.xml $", "$Rev: 6759 $")
	</Script>
	<Button name="AucFilterBasicListLineTemplate" virtual="true">
		<Size>
			<AbsDimension x="235" y="16"/>
		</Size>
		<ButtonText inherits="GameFontNormal" justifyH="LEFT" setAllPoints="true"/>
		<HighlightTexture file="Interface\QuestFrame\UI-QuestTitleHighlight" alphaMode="ADD"/>
	</Button>
	<Button name="AucPromptSmallButtonTemplate" virtual="true">
		<Size>
			<AbsDimension x="38" y="15"/>
		</Size>
		<NormalFont style="GameFontNormalSmall"/>
		<HighlightFont style="GameFontHighlightSmall"/>
		<DisabledFont style="GameFontDisableSmall"/>
		<NormalTexture inherits="UIPanelButtonUpTexture"/>
		<PushedTexture inherits="UIPanelButtonDownTexture"/>
		<DisabledTexture inherits="UIPanelButtonDisabledTexture"/>
		<HighlightTexture inherits="UIPanelButtonHighlightTexture"/>
	</Button>
	<Button name="AucFilterBasicWideButtonTemplate" virtual="true">
		<Size>
			<AbsDimension x="131" y="21"/>
		</Size>
		<NormalFont style="GameFontNormal"/>
		<HighlightFont style="GameFontHighlight"/>
		<DisabledFont style="GameFontDisable"/>
		<NormalTexture inherits="UIPanelButtonUpTexture"/>
		<PushedTexture inherits="UIPanelButtonDownTexture"/>
		<DisabledTexture inherits="UIPanelButtonDisabledTexture"/>
		<HighlightTexture inherits="UIPanelButtonHighlightTexture"/>
	</Button>
	<ScrollFrame name="AucFilterBasicScrollFrame" inherits="FauxScrollFrameTemplate">
		<Size>
			<AbsDimension x="170" y="288"/>
		</Size>
		<Layers>
			<Layer level="ARTWORK">
				<Texture file="Interface\PaperDollInfoFrame\UI-Character-ScrollBar">
					<Size>
						<AbsDimension x="31" y="256"/>
					</Size>
					<Anchors>
						<Anchor point="TOPLEFT" relativePoint="TOPRIGHT">
							<Offset>
								<AbsDimension x="-2" y="5"/>
							</Offset>
						</Anchor>
					</Anchors>
					<TexCoords left="0" right="0.484375" top="0" bottom="1.0"/>
				</Texture>
				<Texture file="Interface\PaperDollInfoFrame\UI-Character-ScrollBar">
					<Size>
						<AbsDimension x="31" y="106"/>
					</Size>
					<Anchors>
						<Anchor point="BOTTOMLEFT" relativePoint="BOTTOMRIGHT">
							<Offset>
								<AbsDimension x="-2" y="-2"/>
							</Offset>
						</Anchor>
					</Anchors>
					<TexCoords left="0.515625" right="1.0" top="0" bottom="0.4140625"/>
				</Texture>
			</Layer>
		</Layers>
	</ScrollFrame>
</Ui>
